<?xml version="1.0"?> 
<GPLPatch>
<BinaryPatch>
<VirtualAddress>0x0040BCA9</VirtualAddress> 
<Data>3C</Data> 
</BinaryPatch>
<BinaryPatch>
<VirtualAddress>0x004E842D</VirtualAddress> 
<Data>78</Data> 
</BinaryPatch>
<BinaryPatch>
<VirtualAddress>0x00559528</VirtualAddress> 
<Data>0E745A3B</Data> 
</BinaryPatch>
<BinaryPatch>
<VirtualAddress>0x0055952C</VirtualAddress> 
<Data>00009643</Data> 
</BinaryPatch>
<BinaryPatch>
<VirtualAddress>0x00559530</VirtualAddress> 
<Data>0E74DA3A</Data> 
</BinaryPatch>
<BinaryPatch>
<VirtualAddress>0x004E8078</VirtualAddress> 
<Data>78</Data> 
</BinaryPatch>
<BinaryPatch>
<VirtualAddress>0x004E71B7</VirtualAddress> 
<Data>78</Data> 
</BinaryPatch>
<BinaryPatch>
<VirtualAddress>0x004A4CD5</VirtualAddress> 
<Data>0E745A3B</Data> 
</BinaryPatch>
<BinaryPatch>
<VirtualAddress>0x004A4CF5</VirtualAddress> 
<Data>0E745A3B</Data> 
</BinaryPatch>
<BinaryPatch>
<VirtualAddress>0x004A4D15</VirtualAddress> 
<Data>0E745A3B</Data> 
</BinaryPatch>
<BinaryPatch>
<VirtualAddress>0x004A4D35</VirtualAddress> 
<Data>0E745A3B</Data> 
</BinaryPatch>
<BinaryPatch>
<VirtualAddress>0x0053B364</VirtualAddress> 
<Data>00004040</Data> 
</BinaryPatch>
<BinaryPatch>
<VirtualAddress>0x4239D1</VirtualAddress>
<Data>9090</Data>
</BinaryPatch>
<BinaryPatch>
<VirtualAddress>0x4239D4</VirtualAddress>
<Data>9090</Data>
</BinaryPatch>
<BinaryPatch>
<VirtualAddress>0x4239D9</VirtualAddress>
<Data>9090</Data>
</BinaryPatch>
<BinaryPatch>
<VirtualAddress>0x4930FA</VirtualAddress>
<Data>3C0000</Data>
</BinaryPatch>
<BinaryPatch>
<VirtualAddress>0x439141</VirtualAddress>
<Data>00000000</Data>
</BinaryPatch>
</GPLPatch>


