<?xml version="1.0"?>
<GPLPatch>

<BinaryPatch>
<VirtualAddress>0x0040BCA9</VirtualAddress>
<Data>3C</Data>
</BinaryPatch>

<BinaryPatch>
<VirtualAddress>0x004930FA</VirtualAddress>
<Data>3C0000</Data>
</BinaryPatch>

<BinaryPatch>
<VirtualAddress>0x004A4CD5</VirtualAddress>
<Data>0E745A3B</Data>
</BinaryPatch>

<BinaryPatch>
<VirtualAddress>0x004A4CF5</VirtualAddress>
<Data>0E745A3B</Data>
</BinaryPatch>

<BinaryPatch>
<VirtualAddress>0x004A4D15</VirtualAddress>
<Data>0E745A3B</Data>
</BinaryPatch>

<BinaryPatch>
<VirtualAddress>0x004A4D35</VirtualAddress>
<Data>0E745A3B</Data>
</BinaryPatch>

<BinaryPatch>
<VirtualAddress>0x004E71B7</VirtualAddress>
<Data>78</Data>
</BinaryPatch>

<BinaryPatch>
<VirtualAddress>0x004E8078</VirtualAddress>
<Data>78</Data>
</BinaryPatch>

<BinaryPatch>
<VirtualAddress>0x004E842D</VirtualAddress>
<Data>78</Data>
</BinaryPatch>

<BinaryPatch>
<VirtualAddress>0x0053B364</VirtualAddress>
<Data>00004040</Data>
</BinaryPatch>

<BinaryPatch>
<VirtualAddress>0x00559528</VirtualAddress>
<Data>0E745A3B</Data>
</BinaryPatch>

<BinaryPatch>
<VirtualAddress>0x0055952C</VirtualAddress>
<Data>00009643</Data>
</BinaryPatch>

<BinaryPatch>
<VirtualAddress>0x00559530</VirtualAddress>
<Data>0E74DA3A</Data>
</BinaryPatch>

<BinaryPatch>
<VirtualAddress>0x004104BD</VirtualAddress>
<Data>B82C844E00</Data>
</BinaryPatch>

<BinaryPatch>
<VirtualAddress>0x004104C2</VirtualAddress>
<Data>8B00</Data>
</BinaryPatch>

<BinaryPatch>
<VirtualAddress>0x004104C4</VirtualAddress>
<Data>894648</Data>
</BinaryPatch>

<BinaryPatch>
<VirtualAddress>0x004104C7</VirtualAddress>
<Data>C6864700000001</Data>
</BinaryPatch>

<BinaryPatch>
<VirtualAddress>0x004104CE</VirtualAddress>
<Data>5F5EC3</Data>
</BinaryPatch>

<BinaryPatch>
<VirtualAddress>0x0045D52C</VirtualAddress>
<Data>74EC</Data>
</BinaryPatch>

<BinaryPatch>
<VirtualAddress>0x0045D53F</VirtualAddress>
<Data>75D9</Data>
</BinaryPatch>

<BinaryPatch>
<VirtualAddress>0x0045D51A</VirtualAddress>
<Data>E993040000</Data>
</BinaryPatch>

<BinaryPatch>
<VirtualAddress>0x0045D9B2</VirtualAddress>
<Data>B82C844E00</Data>
</BinaryPatch>

<BinaryPatch>
<VirtualAddress>0x0045D9B7</VirtualAddress>
<Data>8B00</Data>
</BinaryPatch>

<BinaryPatch>
<VirtualAddress>0x0045D9B9</VirtualAddress>
<Data>E918020000</Data>
</BinaryPatch>

<BinaryPatch>
<VirtualAddress>0x0045DBD6</VirtualAddress>
<Data>3B4648</Data>
</BinaryPatch>

<BinaryPatch>
<VirtualAddress>0x0045DBD9</VirtualAddress>
<Data>74A1</Data>
</BinaryPatch>

<BinaryPatch>
<VirtualAddress>0x0045DBDB</VirtualAddress>
<Data>E9D2F9FFFF</Data>
</BinaryPatch>

<BinaryPatch>
<VirtualAddress>0x0045DAF6</VirtualAddress>
<Data>E952FAFFFF</Data>
</BinaryPatch>

<BinaryPatch>
<VirtualAddress>0x0045DB3C</VirtualAddress>
<Data>EBB8</Data>
</BinaryPatch>

<BinaryPatch>
<VirtualAddress>0x0045DB7C</VirtualAddress>
<Data>EBBE</Data>
</BinaryPatch>

<BinaryPatch>
<VirtualAddress>0x004432AF</VirtualAddress>
<Data>00007042</Data>
</BinaryPatch>

<BinaryPatch>
<VirtualAddress>0x00443340</VirtualAddress>
<Data>00007042</Data>
</BinaryPatch>

<BinaryPatch>
<VirtualAddress>0x00443593</VirtualAddress>
<Data>8988883C</Data>
</BinaryPatch>

<BinaryPatch>
<VirtualAddress>0x0044362E</VirtualAddress>
<Data>8988883C</Data>
</BinaryPatch>

<BinaryPatch>
<VirtualAddress>0x004436E1</VirtualAddress>
<Data>DF5C32BB</Data>
</BinaryPatch>

<BinaryPatch>
<VirtualAddress>0x0044392A</VirtualAddress>
<Data>DF5C32BB</Data>
</BinaryPatch>

<BinaryPatch>
<VirtualAddress>0x00443AC9</VirtualAddress>
<Data>0000F042</Data>
</BinaryPatch>

<BinaryPatch>
<VirtualAddress>0x00447A7A</VirtualAddress>
<Data>00007042</Data>
</BinaryPatch>

<BinaryPatch>
<VirtualAddress>0x00449C6C</VirtualAddress>
<Data>9A99193F</Data>
</BinaryPatch>

<BinaryPatch>
<VirtualAddress>0x00449C76</VirtualAddress>
<Data>D80D6C9C4400C390</Data>
</BinaryPatch>

<BinaryPatch>
<VirtualAddress>0x00449C86</VirtualAddress>
<Data>D80D6C9C4400C390</Data>
</BinaryPatch>

<BinaryPatch>
<VirtualAddress>0x0044B4BC</VirtualAddress>
<Data>9A99193E</Data>
</BinaryPatch>

<BinaryPatch>
<VirtualAddress>0x0044B66D</VirtualAddress>
<Data>0000F042</Data>
</BinaryPatch>

<BinaryPatch>
<VirtualAddress>0x004973DD</VirtualAddress>
<Data>0A</Data>
</BinaryPatch>

<BinaryPatch>
<VirtualAddress>0x0049744A</VirtualAddress>
<Data>F0000000</Data>
</BinaryPatch>

<BinaryPatch>
<VirtualAddress>0x0053645C</VirtualAddress>
<Data>00007042</Data>
</BinaryPatch>

<BinaryPatch>
<VirtualAddress>0x005387F0</VirtualAddress>
<Data>0000F041</Data>
</BinaryPatch>

<BinaryPatch>
<VirtualAddress>0x0053880C</VirtualAddress>
<Data>00007042</Data>
</BinaryPatch>

<BinaryPatch>
<VirtualAddress>0x00538888</VirtualAddress>
<Data>8988883C</Data>
</BinaryPatch>

<BinaryPatch>
<VirtualAddress>0x0053919C</VirtualAddress>
<Data>4AB4E43D</Data>
</BinaryPatch>

<BinaryPatch>
<VirtualAddress>0x005391E4</VirtualAddress>
<Data>00007042</Data>
</BinaryPatch>

<BinaryPatch>
<VirtualAddress>0x00539240</VirtualAddress>
<Data>8988883C</Data>
</BinaryPatch>

<BinaryPatch>
<VirtualAddress>0x00539250</VirtualAddress>
<Data>0000D144</Data>
</BinaryPatch>

<BinaryPatch>
<VirtualAddress>0x00539290</VirtualAddress>
<Data>D8460F40</Data>
</BinaryPatch>

<BinaryPatch>
<VirtualAddress>0x005392A8</VirtualAddress>
<Data>0000F041</Data>
</BinaryPatch>

<BinaryPatch>
<VirtualAddress>0x0053A71C</VirtualAddress>
<Data>DF5C32BB</Data>
</BinaryPatch>

<BinaryPatch>
<VirtualAddress>0x0053A720</VirtualAddress>
<Data>8988883C</Data>
</BinaryPatch>

<BinaryPatch>
<VirtualAddress>0x0053A728</VirtualAddress>
<Data>00007042</Data>
</BinaryPatch>

<BinaryPatch>
<VirtualAddress>0x0053A748</VirtualAddress>
<Data>28B7B743</Data>
</BinaryPatch>

<BinaryPatch>
<VirtualAddress>0x0053A758</VirtualAddress>
<Data>DF5C323B</Data>
</BinaryPatch>

<BinaryPatch>
<VirtualAddress>0x0053AC64</VirtualAddress>
<Data>00006145</Data>
</BinaryPatch>

</GPLPatch>

