<?xml version="1.0"?> 
<GPLPatch>


<BinaryPatch>
<VirtualAddress>0x004A4517</VirtualAddress> 
<Data>D905F8AA5300</Data> 
</BinaryPatch>


<BinaryPatch>
<VirtualAddress>0x004A4548</VirtualAddress> 
<Data>D905F8AA5300</Data> 
</BinaryPatch>

<BinaryPatch>
<VirtualAddress>0x004A4659</VirtualAddress> 
<Data>909090909090</Data> 
</BinaryPatch>

<BinaryPatch>
<VirtualAddress>0x004A4661</VirtualAddress> 
<Data>909090909090</Data> 
</BinaryPatch>

<BinaryPatch>
<VirtualAddress>0x004A4669</VirtualAddress> 
<Data>909090909090</Data> 
</BinaryPatch>

<BinaryPatch>
<VirtualAddress>0x004A4671</VirtualAddress> 
<Data>909090909090</Data> 
</BinaryPatch>


<BinaryPatch>
<VirtualAddress>0x004A1116</VirtualAddress> 
<Data>00000000</Data> 
</BinaryPatch>


<BinaryPatch>
<VirtualAddress>0x004A113F</VirtualAddress> 
<Data>00000000</Data> 
</BinaryPatch>
</GPLPatch>


