﻿<?xml version="1.0" encoding="utf-8"?>
<GPLPatch>
  <ExeSection>
    <Name>.text</Name>
  </ExeSection>

Beginning address of next code cave
   <ExeSection><Name>modtext</Name><MinimumFileSize>0x00008AE0</MinimumFileSize></ExeSection>

Beginning address of next patch data
   <ExeSection><Name>moddata</Name><MinimumFileSize>0x00004590</MinimumFileSize></ExeSection>

-----

   <BinaryPatch>
      <VirtualAddress>0x00417838</VirtualAddress>
      <Data>31FF9090909090</Data>
   </BinaryPatch>

-----

   <BinaryPatch>
      <VirtualAddress>0x00988920</VirtualAddress>
      <Data>
80BF4601000036740429D0EB0231D2405051E900000000

      </Data>
   </BinaryPatch>

   <BinaryPatch>
      <VirtualAddress>0x00423472</VirtualAddress>
      <Data>
         E900000000
      </Data>
   </BinaryPatch>

   <Relocation>
      <FromVirtualAddress>0x00423473</FromVirtualAddress>
      <ToVirtualAddress>0x00988920</ToVirtualAddress>
      <Type>0x0014</Type>
   </Relocation>

   <Relocation>
      <FromVirtualAddress>988933</FromVirtualAddress>
      <ToVirtualAddress>00423477</ToVirtualAddress>
      <Type>0014</Type>
   </Relocation>

-----

   <BinaryPatch>
      <VirtualAddress>0x00988900</VirtualAddress>
      <Data>
80BF4601000036740229D18D41FFE900000000

      </Data>
   </BinaryPatch>

   <BinaryPatch>
      <VirtualAddress>0x00423469</VirtualAddress>
      <Data>
         E900000000
      </Data>
   </BinaryPatch>

   <Relocation>
      <FromVirtualAddress>0x0042346A</FromVirtualAddress>
      <ToVirtualAddress>0x00988900</ToVirtualAddress>
      <Type>0x0014</Type>
   </Relocation>

   <Relocation>
      <FromVirtualAddress>98890F</FromVirtualAddress>
      <ToVirtualAddress>0042346E</ToVirtualAddress>
      <Type>0014</Type>
   </Relocation>

</GPLPatch>